Workbook
Name Curing: Table9[Meters]
Name Grind: Table9[Meters]
Name Inspection_EOW: Table11[External Inspection]
Name Inspection_External: Table11[External Inspection]
Name Inspection_Internal: Table11[External Inspection]
Name Inspection_LPS: Table11[External Inspection]
Name Laminate: Table9[Meters]
Name Preparation: Table4[PREPARATION]
Name Repair_Coating: Table9[Meters]
Name Repair_LEP: Table9[Meters]
Name Repair_SN: #REF!
Name Repair_TI: #REF!
Name Rework_of_Repairs: Table5[Rework]
Name Standby: Table6[STANDBY]

Sheet Activities
F1: =INDEX(Variables!$H$1:$AX$10,MATCH($A$2,Variables!$G$1:$G$19,0),31) -> Daily Activity Report - Blade Works
A2: English | F2: {=IF(Variables!B1=0,"",INDEX(Variables!$H$1:$AX$10,MATCH($A$2,Variables!$G$1:$G$19,0),30+Variables!B1))} | O2: =IFERROR(VLOOKUP(MAX(A5:A196),A5:O196,15,FALSE),"") | P2: Fill only for repairs | X2: =IF(SUM(X5:X196)=0,"",SUM(X5:X196)) | Y2: =IF(SUM(Y5:Y196)=0,"",SUM(Y5:Y196))
A3: {=INDEX(Variables!$H$1:$AX$10,MATCH($A$2,Variables!$G$1:$G$19,0),COLUMN(A3))} -> Date | B3: {=INDEX(Variables!$H$1:$AX$10,MATCH($A$2,Variables!$G$1:$G$19,0),COLUMN(B3))} -> Blade Serial # | C3: {=INDEX(Variables!$H$1:$AX$10,MATCH($A$2,Variables!$G$1:$G$19,0),COLUMN(C3))} -> Blade Position (Pitch #) | D3: {=INDEX(Variables!$H$1:$AX$10,MATCH($A$2,Variables!$G$1:$G$19,0),COLUMN(D3))} -> Team Supervisor (if applicable) | E3: {=INDEX(Variables!$H$1:$AX$10,MATCH($A$2,Variables!$G$1:$G$19,0),COLUMN(E3))} -> Technician 1 | F3: {=INDEX(Variables!$H$1:$AX$10,MATCH($A$2,Variables!$G$1:$G$19,0),COLUMN(F3))} -> Technician 2 | G3: {=INDEX(Variables!$H$1:$AX$10,MATCH($A$2,Variables!$G$1:$G$19,0),COLUMN(G3))} -> Technician 3 | H3: {=INDEX(Variables!$H$1:$AX$10,MATCH($A$2,Variables!$G$1:$G$19,0),COLUMN(H3))} -> Technician 4 | ... Y3: {=INDEX(Variables!$H$1:$AX$10,MATCH($A$2,Variables!$G$1:$G$19,0),COLUMN(Y3))} -> Techs x Hour
A4: 1 | B4: 2 | C4: 3 | D4: 4 | E4: 5 | F4: 6 | G4: 7 | H4: 8 | I4: 9 | J4: 10 | K4: 11 | L4: 12 | M4: 13 | N4: 14 | O4: 15 | P4: 16 | Q4: 17 | R4: 18 | S4: 19 | T4: 20 | U4: 21 | V4: 22 | W4: 23 | X4: 24 | Y4: 25
W5: =IF(COUNTA(E5:I5)=0,"", COUNTA(E5:I5)) | X5: =IF(SUM(L5:M5)=0,"",SUM(L5:M5)) | Y5: =IFERROR(W5*X5,"")
W6: =IF(COUNTA(E6:I6)=0,"", COUNTA(E6:I6)) | X6: =IF(SUM(L6:M6)=0,"",SUM(L6:M6)) | Y6: =IFERROR(W6*X6,"")
W7: =IF(COUNTA(E7:I7)=0,"", COUNTA(E7:I7)) | X7: =IF(SUM(L7:M7)=0,"",SUM(L7:M7)) | Y7: =IFERROR(W7*X7,"")
W8: =IF(COUNTA(E8:I8)=0,"", COUNTA(E8:I8)) | X8: =IF(SUM(L8:M8)=0,"",SUM(L8:M8)) | Y8: =IFERROR(W8*X8,"")
W9: =IF(COUNTA(E9:I9)=0,"", COUNTA(E9:I9)) | X9: =IF(SUM(L9:M9)=0,"",SUM(L9:M9)) | Y9: =IFERROR(W9*X9,"")
W10: =IF(COUNTA(E10:I10)=0,"", COUNTA(E10:I10)) | X10: =IF(SUM(L10:M10)=0,"",SUM(L10:M10)) | Y10: =IFERROR(W10*X10,"")
W11: =IF(COUNTA(E11:I11)=0,"", COUNTA(E11:I11)) | X11: =IF(SUM(L11:M11)=0,"",SUM(L11:M11)) | Y11: =IFERROR(W11*X11,"")
W12: =IF(COUNTA(E12:I12)=0,"", COUNTA(E12:I12)) | X12: =IF(SUM(L12:M12)=0,"",SUM(L12:M12)) | Y12: =IFERROR(W12*X12,"")
W13: =IF(COUNTA(E13:I13)=0,"", COUNTA(E13:I13)) | X13: =IF(SUM(L13:M13)=0,"",SUM(L13:M13)) | Y13: =IFERROR(W13*X13,"")
W14: =IF(COUNTA(E14:I14)=0,"", COUNTA(E14:I14)) | X14: =IF(SUM(L14:M14)=0,"",SUM(L14:M14)) | Y14: =IFERROR(W14*X14,"")
W15: =IF(COUNTA(E15:I15)=0,"", COUNTA(E15:I15)) | X15: =IF(SUM(L15:M15)=0,"",SUM(L15:M15)) | Y15: =IFERROR(W15*X15,"")
W16: =IF(COUNTA(E16:I16)=0,"", COUNTA(E16:I16)) | X16: =IF(SUM(L16:M16)=0,"",SUM(L16:M16)) | Y16: =IFERROR(W16*X16,"")
... W196: =IF(COUNTA(E196:I196)=0,"", COUNTA(E196:I196)) | X196: =IF(SUM(L196:M196)=0,"",SUM(L196:M196)) | Y196: =IFERROR(W196*X196,"")

Sheet ReadMe
F1: Daily Activity Report - Blade Works | Q1: Rev 3
A2: English | O2: 0 | P2: Fill only for repairs | X2: 42 | Y2: 66
A3: Date | B3: Blade Serial # | C3: Blade Position (Pitch #) | D3: Team Supervisor (if applicable) | E3: Technician 1 | F3: Technician 2 | G3: Technician 3 | H3: Technician 4 | I3: Technician 5 | J3: Activity | K3: Details of Activity | L3: WorkingTime [h] | M3: Over Time [h] | N3: Comments | O3: Remaining Days | P3: Humidity Min (%) | Q3: Humidity Max (%) | R3: Temperature Min (°C) | S3: Temperature Max (°C) | T3: WTG stop Overnight (Yes/No) | U3: Total KM's travelled on this day (Kilometers) | V3: Overnight Stay? (Yes/No) | W3: # of Techs | X3: Total hours | Y3: Techs x Hour
A4: 45478 | B4: N10799999 | C4: Pitch 2 | E4: Sarper Tek | F4: Sreevisakh Rajasekharan | J4: WF Internal Mobilization | L4: 2 | O4: 3 | P4: 0.52 | Q4: 0.61 | R4: 22 | S4: 25 | T4: No | U4: 220 | V4: Yes | W4: 2 | X4: 2 | Y4: 4
A5: 45478 | B5: N10799999 | C5: Pitch 2 | E5: Sarper Tek | F5: Sreevisakh Rajasekharan | J5: Grind | K5: 5 m | L5: 6 | O5: 3 | W5: 2 | X5: 6 | Y5: 12
A6: 45481 | B6: N10799999 | C6: Pitch 2 | E6: Sarper Tek | F6: Sreevisakh Rajasekharan | J6: Laminate | K6: 2 m | L6: 8 | O6: 2 | P6: 0.55 | Q6: 0.62 | R6: 24 | S6: 24 | T6: No | U6: 220 | V6: Yes | W6: 2 | X6: 8 | Y6: 16
A7: 45482 | B7: N10799999 | C7: Pitch 2 | E7: Sarper Tek | F7: Sreevisakh Rajasekharan | J7: Laminate | K7: 3 m | L7: 8 | O7: 1 | P7: 0.56 | Q7: 0.6 | R7: 24 | S7: 24 | T7: No | U7: 220 | V7: Yes | W7: 2 | X7: 8 | Y7: 16
A8: 45483 | B8: N10799999 | C8: Pitch 2 | E8: Sreevisakh Rajasekharan | J8: Standby | K8: Weather - High Humidity | L8: 8 | O8: 2 | P8: 0.75 | Q8: 0.8 | R8: 22 | S8: 34 | W8: 1 | X8: 8 | Y8: 8
A9: 45484 | B9: N10799999 | C9: Pitch 2 | E9: Sreevisakh Rajasekharan | J9: WF Internal Mobilization | L9: 2.25 | O9: 0 | P9: 0.52 | Q9: 0.57 | R9: 18 | S9: 30 | T9: No | U9: 220 | V9: No | W9: 1 | X9: 2.25 | Y9: 2.25
A10: 45484 | B10: N10799999 | C10: Pitch 2 | E10: Sreevisakh Rajasekharan | J10: Rework of Repairs | K10: Poor Lamination | L10: 4 | O10: 0 | W10: 1 | X10: 4 | Y10: 4
A11: 45484 | B11: N10799999 | C11: Pitch 2 | E11: Sreevisakh Rajasekharan | J11: Coating | K11: 5 m | L11: 1.75 | M11: 2 | O11: 0 | W11: 1 | X11: 3.75 | Y11: 3.75
A17: Make sure to upload this file with activites for at least one day as an attachment in the External Portal. You have to document all the activities that have been performed during the blade works for each Purchase Orders. The file name should consist inspection or repair report number in any place of file name otherwise it will not uploaded. (For ex: "Daily Activity Report - IR00200081" or "RR00200081 Daily Activity Report")

Sheet dropdowns
A1: TYPE of work | B1: SUBTYPE
A2: ABM | B2: PREPARATION | C2: Meters | D2: Rework | E2: STANDBY | F2: External Inspection
A3: Cleaning | B3: Assembly Suspended Platform | C3: 0.5 m | D3: Bubbles | E3: ISP Related - Meeting | F3: Blade 1 Completed
A4: Curing | B4: Chemicals Preparation & Materials | C4: 1 m | D4: Burning Repairs | E4: ISP Related - Stand By Time | F4: Blade 2 Completed
A5: Grind | B5: Damage Identification | C5: 2 m | D5: Damaged Shear Web | E5: NX Related - Customer/Owner Issues | F5: Blade 3 Completed
A6: Inspection EOW | B6: Disassembly Suspended Platform | C6: 3 m | D6: Damaged Shell | E6: NX Related - Lift Issues | F6: Tower Completed
A7: Inspection External | B7: Hoist Materials/Tools | C7: 4 m | D7: Poor Impregnation | E7: NX Related - Meeting
A8: Inspection Internal | B8: HSE Meeting And Paperwork | C8: 5 m | D8: Poor Lamination | E8: NX Related - NC2 control
A9: Inspection LPS | B9: Infusion Preperation | C9: 6 m | D9: White Lamination | E9: NX Related - Power Issues
A10: Laminate | B10: Keep Temp & Humidity Conditions | C10: 7 m | E10: NX Related - PPE/Tooling Inspections
A11: Mobilization Blade Change | B11: Post Cure | C11: 8 m | E11: NX Related - QC Inspections
A12: Mobilization External | B12: Power | C12: 9 m | E12: NX Related - Rotorlock
A13: Mobilization WF Internal | B13: Safety Equipment | C13: 10 m | E13: NX Related - Safety Inspections
A14: Opening Drain Hole | B14: Setup Ac System | C14: 11 m | E14: NX Related - Tech Support
A15: Other | C15: 12 m | E15: Weather - High Humidity
A16: Postcure | C16: 13 m | E16: Weather - High Temperature
A17: Preparation | C17: 14 m | E17: Weather - High Winds
A18: Rebalance | C18: 15 m | E18: Weather - Lightning
A19: Repair Bulkhead | C19: 16 m | E19: Weather - Other
A20: Repair Coating
A21: Repair Corematerial
A22: Repair Gurny Flap
A23: Repair IDD
A24: Repair IPC
A25: Repair LEP
A26: Repair Manhole Cover
A27: Repair Nacelle
A28: Repair Putty Application
A29: Repair Serration
A30: Repair Serration Sealing
A31: Repair Vortex Generator
... A37: Unbalance

Sheet Variables
A1: In Progress | B1: 0 | G1: English | H1: Date | I1: Blade Serial # | J1: Blade Position (Pitch #) | K1: Team Supervisor (if applicable) | L1: Technician 1 | M1: Technician 2 | N1: Technician 3 | O1: Technician 4 | P1: Technician 5 | Q1: Activity | R1: Details of Activity | S1: Working Time [h] | T1: Over Time [h] | U1: Comments | V1: Remaining Days | W1: Humidity Min (%) | X1: Humidity Max (%) | Y1: Temperature Min (°C) | Z1: Temperature Max (°C) | AA1: WTG stop Overnight (Yes/No) | AB1: Total KM's travelled on this day (Kilometers) | AC1: Overnight Stay? (Yes/No) | AD1: # of Techs | AE1: Total hours | AF1: Techs x Hour | AG1: Total Work Hours : | AH1: Estimated Time Remaining : | AJ1: Report is not completed! Fill areas in Days Overview Sheet | AK1: Language : | AL1: Daily Activity Report - Blade Works | AM1: Start Date :
A2: Start Date | G2: Türkçe | H2: Tarih | I2: Kanat No # | J2: Kanat (Pitch #) | K2: Takım Lideri (Varsa) | L2: Teknisyen 1 | M2: Teknisyen 2 | N2: Teknisyen 3 | O2: Teknisyen 4 | P2: Teknisyen 5 | Q2: Yapılan İş | R2: İşin Detayı | S2: Saat [s] | T2: Ek Mesai [s] | U2: Ek Açıklama | V2: Kalan Gün | W2: Nem Min (%) | X2: Nem Max (%) | Y2: Sıcaklık Min (°C) | Z2: Sıcaklık Max (°C) | AA2: Türbin gece durdu mu? (Evet/Hayır) | AB2: Toplam Seyahat Mesafesi (Kilometre) | AC2: Gece konaklama (Evet/Hayır) | AD2: Teknisyen Sayısı | AE2: Toplam Saat | AF2: Adam x Saat | AG2: Toplam Çalışılan Saat : | AH2: Tahmini Kalan Saat : | AJ2: Rapor Eksik! Days Overview sayfasındaki eksikleri doldurun! | AK2: Dil : | AL2: Günlük Aktivite Raporu - Kanat İşleri | AM2: Başlangıç Tarihi :
A3: Summary text | B3: =IFERROR(" Remaining Days : "&Activities!O2&" days"&CHAR(10)&" Total Time Spent : "&Activities!X2&" hours "& "(Active:" & Activities!X2 - $B$6 & "/Standby:" & $B$6 & ")" & CHAR(10)&" Teamhour Spent : "&Activities!Y2&" hours","") | G3: Português | H3: Data | I3: Número de serie da pá | J3: Posição da pá (Pitch #) | K3: Supervisor da equipa (se aplicável) | L3: Técnico 1 | M3: Técnico 2 | N3: Técnico 3 | O3: Técnico 4 | P3: Técnico 5 | Q3: Atividade | R3: Detalhes da atividade | S3: Tempo (h) | T3: Tempo extra (h) | U3: Comentários | V3: Tempo restante (d) | W3: Humidade min. (%) | X3: Humidade max. (%) | Y3: Temperatura min. (°C) | Z3: Temperatura max. (°C) | AA3: Aerogerador parado durante a noite? (Sim/Não) | AB3: Kms percorridos de e para o local | AC3: Pernoita? (Sim/Não) | AD3: Nr. De Técnicos | AE3: Total de horas | AF3: Técnicos x Hora | AG3: Total horas trabalhadas : | AH3: Tempo restante estimado : | AJ3: Relatório incompleto! Preencher os campos na Folha de Resumo de Dias | AK3: Idioma | AL3: Relatório da Atividade Diária | AM3: Data de início :
A4: Summary text2 | B4: =IF(B3="","", " Total Standby " & CHAR(10) & $B$6 & " hours") | G4: Español | H4: Datos | I4: Número de serie de pala | J4: Posición de la pala (Pitch #) | K4: Supervisor de equipo (si aplica) | L4: Técnico 1 | M4: Técnico 2 | N4: Técnico 3 | O4: Técnico 4 | P4: Técnico 5 | Q4: Actividad | R4: Detalles de la actividad | S4: Tiempo (h) | T4: Tiempo extra (h) | U4: Comentarios | V4: Tiempo restante (d) | W4: Humedad Min. (%) | X4: Humedad Máx. (%) | Y4: Temperatura Min. (ºC) | Z4: Temperatura Máx. (ºC) | AA4: Turbina parada durante la noche (SI/NO) | AB4: Kms recorridos hacia y desde el sitio | AC4: ¿ pernoctar? (SI/NO) | AD4: Número de técnicos | AE4: Total horas | AF4: Técnicos x Hora | AG4: Total de horas trabajadas | AH4: Tiempo restante estimado | AJ4: Informe incompleto! rellenar las areas en la hoja de resumen de dias | AK4: idioma | AL4: Informe de Actividad Diaria | AM4: Fecha de inicio :
A5: Summary text3 | B5: =IF(B3="","", " ISP Related : " & SUMIFS(Activities!L5:L196,Activities!K5:K196,"ISP*")+SUMIFS(Activities!M5:M196,Activities!K5:K196,"ISP*") & " hours" & CHAR(10) & " NX Related : " & SUMIFS(Activities!L5:L196,Activities!K5:K196,"NX *")+SUMIFS(Activities!M5:M196,Activities!K5:K196,"NX*") & " hours" & CHAR(10) & " Weather Related : " & SUMIFS(Activities!L5:L196,Activities!K5:K196,"We*")+SUMIFS(Activities!M5:M196,Activities!K5:K196,"We*") & " hours") | G5: Deutsch | H5: Datum | I5: Blattnummer # | J5: Blatt position (Pitch #) | K5: Teamleiter (wenn vorhanden) | L5: Techniker 1 | M5: Techniker 2 | N5: Techniker 3 | O5: Techniker 4 | P5: Techniker 5 | Q5: Tätigkeit | R5: Tätigkeits beschreibung | S5: Zeit [h] | T5: Extra Zeit [h] | U5: Kommentare | V5: Verbleibende Zeit [d] | W5: Luftfeuchtigkeit min. (%) | X5: Luftfeuchtigkeit max. (%) | Y5: Temperatur min. (°C) | Z5: Temperatur max. (°C) | AA5: WTG Nummer | AB5: Gefahrene Kilometer zum und vom Windpark | AC5: Übernachtung? (Ja/Nein) | AD5: Anzahl der Techniker | AE5: Gesamtzeit | AF5: Zeit pro Techniker | AG5: Gesamt arbeitszeit | AH5: Schätzte verbleibende Zeit | AJ5: Bericht in nicht vollständig! Felder in der Tagesübersicht müssen ausgefüllt sein | AK5: Sprache | AL5: Täglicher Tätigkeitsbericht | AM5: Beginndatum :
A6: Standby hours | B6: =SUMIFS(Activities!L5:L196,Activities!J5:J196,"Standby")+SUMIFS(Activities!M5:M196,Activities!J5:J196,"Standby") -> 0 | G6: Français | H6: Date | I6: Numéro de série de pale | J6: Position de la pale (Pitch #) | K6: Superviseur d'équipe (si applicable) | L6: Technicien 1 | M6: Technicien 2 | N6: Technicien 3 | O6: Technicien 4 | P6: Technicien 5 | Q6: Activité | R6: Détail d'activité | S6: Temps (h) | T6: Heures supplém entaires | U6: Commentaites | V6: Temps restant (d) | W6: Humidité Min (%) | X6: Humidité Max (%) | Y6: Température Min (°C) | Z6: Température Max (°C) | AA6: Arrêt éolienne jusqu'au lendemain (Oui/Non) | AB6: Kms parcouru aller/retour du site | AC6: Passer la nuit? (Oui/Non) | AD6: Nombre de technicien | AE6: Heure totale | AF6: Technicien x Heure | AG6: Quantité d'heure travaillée | AH6: Temps restant estimé | AJ6: Rapport non complété! Remplir les champs dans le rapport journalier | AK6: Langage: | AL6: Rapport d'activité journalier | AM6: Date de début :
